"TIME","GEO","CURRENCY","Value","Flag and Footnotes"
"2000S1","Belgium","Euro","1,095.89",""
"2000S1","Bulgaria","Euro","34.26",""
"2000S1","Czech Republic","Euro","110.79",""
"2000S1","Denmark","Euro",":","z"
"2000S1","Germany (until 1990 former territory of the FRG)","Euro",":","z"
"2000S1","Estonia","Euro","89.48",""
"2000S1","Ireland","Euro",":","z"
"2000S1","Greece","Euro","542.69",""
"2000S1","Spain","Euro","495.60",""
"2000S1","France","Euro","1,049.49",""
"2000S1","Croatia","Euro",":","z"
"2000S1","Italy","Euro",":","z"
"2000S1","Cyprus","Euro",":","z"
"2000S1","Latvia","Euro","85.02",""
"2000S1","Lithuania","Euro","107.05",""
"2000S1","Luxembourg","Euro","1,191.13",""
"2000S1","Hungary","Euro","100.12",""
"2000S1","Malta","Euro","505.06",""
"2000S1","Netherlands","Euro","1,092.00",""
"2000S1","Austria","Euro",":","z"
"2000S1","Poland","Euro","161.11",""
"2000S1","Portugal","Euro","371.27",""
"2000S1","Romania","Euro","24.53",""
"2000S1","Slovenia","Euro","373.35",""
"2000S1","Slovakia","Euro","94.34",""
"2000S1","Finland","Euro",":","z"
"2000S1","Sweden","Euro",":","z"
"2000S1","United Kingdom","Euro","952.23",""
"2000S1","Iceland","Euro",":","z"
"2000S1","Norway","Euro",":","z"
"2000S1","Switzerland","Euro",":","z"
"2000S1","Montenegro","Euro",":",""
"2000S1","Former Yugoslav Republic of Macedonia, the","Euro",":","z"
"2000S1","Albania","Euro",":",""
"2000S1","Serbia","Euro",":",""
"2000S1","Turkey","Euro","201.62",""
"2000S1","United States","Euro","888.58",""
"2001S1","Belgium","Euro","1,117.88",""
"2001S1","Bulgaria","Euro","40.42",""
"2001S1","Czech Republic","Euro","142.67",""
"2001S1","Denmark","Euro",":","z"
"2001S1","Germany (until 1990 former territory of the FRG)","Euro",":","z"
"2001S1","Estonia","Euro","102.26",""
"2001S1","Ireland","Euro","944.71",""
"2001S1","Greece","Euro","543.55",""
"2001S1","Spain","Euro","505.69",""
"2001S1","France","Euro","1,083.29",""
"2001S1","Croatia","Euro",":","z"
"2001S1","Italy","Euro",":","z"
"2001S1","Cyprus","Euro",":","z"
"2001S1","Latvia","Euro","86.75",""
"2001S1","Lithuania","Euro","115.50",""
"2001S1","Luxembourg","Euro","1,258.75",""
"2001S1","Hungary","Euro","150.94",""
"2001S1","Malta","Euro","530.43",""
"2001S1","Netherlands","Euro","1,154.50",""
"2001S1","Austria","Euro",":","z"
"2001S1","Poland","Euro","197.41",""
"2001S1","Portugal","Euro","389.89",""
"2001S1","Romania","Euro","41.42",""
"2001S1","Slovenia","Euro","395.33",""
"2001S1","Slovakia","Euro","100.15",""
"2001S1","Finland","Euro",":","z"
"2001S1","Sweden","Euro",":","z"
"2001S1","United Kingdom","Euro","977.41",""
"2001S1","Iceland","Euro",":","z"
"2001S1","Norway","Euro",":","z"
"2001S1","Switzerland","Euro",":","z"
"2001S1","Montenegro","Euro",":",""
"2001S1","Former Yugoslav Republic of Macedonia, the","Euro",":","z"
"2001S1","Albania","Euro",":",""
"2001S1","Serbia","Euro",":",""
"2001S1","Turkey","Euro","224.17",""
"2001S1","United States","Euro","959.34",""
"2002S1","Belgium","Euro","1,140.24",""
"2002S1","Bulgaria","Euro","51.38",""
"2002S1","Czech Republic","Euro","178.34",""
"2002S1","Denmark","Euro",":","z"
"2002S1","Germany (until 1990 former territory of the FRG)","Euro",":","z"
"2002S1","Estonia","Euro","118.24",""
"2002S1","Ireland","Euro","1,008.93",""
"2002S1","Greece","Euro","571.71",""
"2002S1","Spain","Euro","515.90",""
"2002S1","France","Euro","1,127.23",""
"2002S1","Croatia","Euro",":","z"
"2002S1","Italy","Euro",":","z"
"2002S1","Cyprus","Euro",":","z"
"2002S1","Latvia","Euro","107.86",""
"2002S1","Lithuania","Euro","122.06",""
"2002S1","Luxembourg","Euro","1,290.21",""
"2002S1","Hungary","Euro","203.93",""
"2002S1","Malta","Euro","557.46",""
"2002S1","Netherlands","Euro","1,206.60",""
"2002S1","Austria","Euro",":","z"
"2002S1","Poland","Euro","217.43",""
"2002S1","Portugal","Euro","406.01",""
"2002S1","Romania","Euro","50.33",""
"2002S1","Slovenia","Euro","432.63",""
"2002S1","Slovakia","Euro","115.01",""
"2002S1","Finland","Euro",":","z"
"2002S1","Sweden","Euro",":","z"
"2002S1","United Kingdom","Euro","1,109.29",""
"2002S1","Iceland","Euro",":","z"
"2002S1","Norway","Euro",":","z"
"2002S1","Switzerland","Euro",":","z"
"2002S1","Montenegro","Euro",":",""
"2002S1","Former Yugoslav Republic of Macedonia, the","Euro",":","z"
"2002S1","Albania","Euro",":",""
"2002S1","Serbia","Euro",":",""
"2002S1","Turkey","Euro","174.87",""
"2002S1","United States","Euro","1,012.90",""
"2003S1","Belgium","Euro","1,163.02",""
"2003S1","Bulgaria","Euro","56.28",""
"2003S1","Czech Republic","Euro","196.35",""
"2003S1","Denmark","Euro",":","z"
"2003S1","Germany (until 1990 former territory of the FRG)","Euro",":","z"
"2003S1","Estonia","Euro","138.05",""
"2003S1","Ireland","Euro","1,073.15",""
"2003S1","Greece","Euro","606.52",""
"2003S1","Spain","Euro","526.40",""
"2003S1","France","Euro","1,154.27",""
"2003S1","Croatia","Euro",":","z"
"2003S1","Italy","Euro",":","z"
"2003S1","Cyprus","Euro",":","z"
"2003S1","Latvia","Euro","114.01",""
"2003S1","Lithuania","Euro","124.55",""
"2003S1","Luxembourg","Euro","1,368.74",""
"2003S1","Hungary","Euro","211.60",""
"2003S1","Malta","Euro","550.53",""
"2003S1","Netherlands","Euro","1,249.20",""
"2003S1","Austria","Euro",":","z"
"2003S1","Poland","Euro","198.96",""
"2003S1","Portugal","Euro","416.03",""
"2003S1","Romania","Euro","71.15",""
"2003S1","Slovenia","Euro","450.31",""
"2003S1","Slovakia","Euro","134.21",""
"2003S1","Finland","Euro",":","z"
"2003S1","Sweden","Euro",":","z"
"2003S1","United Kingdom","Euro","1,063.80",""
"2003S1","Iceland","Euro",":","z"
"2003S1","Norway","Euro",":","z"
"2003S1","Switzerland","Euro",":","z"
"2003S1","Montenegro","Euro",":",""
"2003S1","Former Yugoslav Republic of Macedonia, the","Euro",":","z"
"2003S1","Albania","Euro",":",""
"2003S1","Serbia","Euro",":",""
"2003S1","Turkey","Euro","176.06",""
"2003S1","United States","Euro","851.22",""
"2004S1","Belgium","Euro","1,186.31",""
"2004S1","Bulgaria","Euro","61.36",""
"2004S1","Czech Republic","Euro","206.73",""
"2004S1","Denmark","Euro",":","z"
"2004S1","Germany (until 1990 former territory of the FRG)","Euro",":","z"
"2004S1","Estonia","Euro","158.50",""
"2004S1","Ireland","Euro","1,073.15",""
"2004S1","Greece","Euro","630.77",""
"2004S1","Spain","Euro","537.25",""
"2004S1","France","Euro","1,215.11",""
"2004S1","Croatia","Euro",":","z"
"2004S1","Italy","Euro",":","z"
"2004S1","Cyprus","Euro",":","z"
"2004S1","Latvia","Euro","118.96",""
"2004S1","Lithuania","Euro","130.34",""
"2004S1","Luxembourg","Euro","1,402.96",""
"2004S1","Hungary","Euro","201.90",""
"2004S1","Malta","Euro","540.84",""
"2004S1","Netherlands","Euro","1,264.80",""
"2004S1","Austria","Euro",":","z"
"2004S1","Poland","Euro","175.25",""
"2004S1","Portugal","Euro","425.95",""
"2004S1","Romania","Euro","68.03",""
"2004S1","Slovenia","Euro","470.99",""
"2004S1","Slovakia","Euro","147.68",""
"2004S1","Finland","Euro",":","z"
"2004S1","Sweden","Euro",":","z"
"2004S1","United Kingdom","Euro","1,054.20",""
"2004S1","Iceland","Euro",":","z"
"2004S1","Norway","Euro",":","z"
"2004S1","Switzerland","Euro",":","z"
"2004S1","Montenegro","Euro",":",""
"2004S1","Former Yugoslav Republic of Macedonia, the","Euro",":","z"
"2004S1","Albania","Euro",":",""
"2004S1","Serbia","Euro",":",""
"2004S1","Turkey","Euro","238.77",""
"2004S1","United States","Euro","706.79",""
"2005S1","Belgium","Euro","1,210.00",""
"2005S1","Bulgaria","Euro","76.69",""
"2005S1","Czech Republic","Euro","235.85",""
"2005S1","Denmark","Euro",":","z"
"2005S1","Germany (until 1990 former territory of the FRG)","Euro",":","z"
"2005S1","Estonia","Euro","171.92",""
"2005S1","Ireland","Euro","1,183.00",""
"2005S1","Greece","Euro","667.68",""
"2005S1","Spain","Euro","598.50",""
"2005S1","France","Euro","1,286.09",""
"2005S1","Croatia","Euro",":","z"
"2005S1","Italy","Euro",":","z"
"2005S1","Cyprus","Euro",":","z"
"2005S1","Latvia","Euro","114.63",""
"2005S1","Lithuania","Euro","144.81",""
"2005S1","Luxembourg","Euro","1,466.77",""
"2005S1","Hungary","Euro","231.74",""
"2005S1","Malta","Euro","555.05",""
"2005S1","Netherlands","Euro","1,264.80",""
"2005S1","Austria","Euro",":","z"
"2005S1","Poland","Euro","207.86",""
"2005S1","Portugal","Euro","437.15",""
"2005S1","Romania","Euro","78.70",""
"2005S1","Slovenia","Euro","490.07",""
"2005S1","Slovakia","Euro","167.76",""
"2005S1","Finland","Euro",":","z"
"2005S1","Sweden","Euro",":","z"
"2005S1","United Kingdom","Euro","1,134.67",""
"2005S1","Iceland","Euro",":","z"
"2005S1","Norway","Euro",":","z"
"2005S1","Switzerland","Euro",":","z"
"2005S1","Montenegro","Euro",":",""
"2005S1","Former Yugoslav Republic of Macedonia, the","Euro",":","z"
"2005S1","Albania","Euro",":",""
"2005S1","Serbia","Euro",":",""
"2005S1","Turkey","Euro","266.15",""
"2005S1","United States","Euro","655.36",""
"2006S1","Belgium","Euro","1,234.00",""
"2006S1","Bulgaria","Euro","81.79",""
"2006S1","Czech Republic","Euro","261.03",""
"2006S1","Denmark","Euro",":","z"
"2006S1","Germany (until 1990 former territory of the FRG)","Euro",":","z"
"2006S1","Estonia","Euro","191.73",""
"2006S1","Ireland","Euro","1,292.85",""
"2006S1","Greece","Euro","709.71",""
"2006S1","Spain","Euro","631.05",""
"2006S1","France","Euro","1,217.88",""
"2006S1","Croatia","Euro",":","z"
"2006S1","Italy","Euro",":","z"
"2006S1","Cyprus","Euro",":","z"
"2006S1","Latvia","Euro","129.27",""
"2006S1","Lithuania","Euro","159.29",""
"2006S1","Luxembourg","Euro","1,503.42",""
"2006S1","Hungary","Euro","247.16",""
"2006S1","Malta","Euro","584.23",""
"2006S1","Netherlands","Euro","1,272.60",""
"2006S1","Austria","Euro",":","z"
"2006S1","Poland","Euro","232.90",""
"2006S1","Portugal","Euro","449.98",""
"2006S1","Romania","Euro","89.67",""
"2006S1","Slovenia","Euro","511.90",""
"2006S1","Slovakia","Euro","182.15",""
"2006S1","Finland","Euro",":","z"
"2006S1","Sweden","Euro",":","z"
"2006S1","United Kingdom","Euro","1,212.61",""
"2006S1","Iceland","Euro",":","z"
"2006S1","Norway","Euro",":","z"
"2006S1","Switzerland","Euro",":","z"
"2006S1","Montenegro","Euro",":",""
"2006S1","Former Yugoslav Republic of Macedonia, the","Euro",":","z"
"2006S1","Albania","Euro",":",""
"2006S1","Serbia","Euro",":",""
"2006S1","Turkey","Euro","333.46",""
"2006S1","United States","Euro","756.69",""
"2007S1","Belgium","Euro","1,259.00",""
"2007S1","Bulgaria","Euro","92.03",""
"2007S1","Czech Republic","Euro","291.07",""
"2007S1","Denmark","Euro",":","z"
"2007S1","Germany (until 1990 former territory of the FRG)","Euro",":","z"
"2007S1","Estonia","Euro","230.08",""
"2007S1","Ireland","Euro","1,402.70",""
"2007S1","Greece","Euro","730.30",""
"2007S1","Spain","Euro","665.70",""
"2007S1","France","Euro","1,254.28",""
"2007S1","Croatia","Euro",":","z"
"2007S1","Italy","Euro",":","z"
"2007S1","Cyprus","Euro",":","z"
"2007S1","Latvia","Euro","172.12",""
"2007S1","Lithuania","Euro","173.77",""
"2007S1","Luxembourg","Euro","1,570.28",""
"2007S1","Hungary","Euro","260.16",""
"2007S1","Malta","Euro","601.91",""
"2007S1","Netherlands","Euro","1,300.80",""
"2007S1","Austria","Euro",":","z"
"2007S1","Poland","Euro","244.32",""
"2007S1","Portugal","Euro","470.17",""
"2007S1","Romania","Euro","115.27",""
"2007S1","Slovenia","Euro","521.80",""
"2007S1","Slovakia","Euro","220.71",""
"2007S1","Finland","Euro",":","z"
"2007S1","Sweden","Euro",":","z"
"2007S1","United Kingdom","Euro","1,314.97",""
"2007S1","Iceland","Euro",":","z"
"2007S1","Norway","Euro",":","z"
"2007S1","Switzerland","Euro",":","z"
"2007S1","Montenegro","Euro",":",""
"2007S1","Former Yugoslav Republic of Macedonia, the","Euro",":","z"
"2007S1","Albania","Euro",":",""
"2007S1","Serbia","Euro",":",""
"2007S1","Turkey","Euro","301.77",""
"2007S1","United States","Euro","677.81",""
"2008S1","Belgium","Euro","1,309.60",""
"2008S1","Bulgaria","Euro","112.49",""
"2008S1","Czech Republic","Euro","300.44",""
"2008S1","Denmark","Euro",":","z"
"2008S1","Germany (until 1990 former territory of the FRG)","Euro",":","z"
"2008S1","Estonia","Euro","278.02",""
"2008S1","Ireland","Euro","1,461.85",""
"2008S1","Greece","Euro","794.02",""
"2008S1","Spain","Euro","700.00",""
"2008S1","France","Euro","1,280.07",""
"2008S1","Croatia","Euro",":","z"
"2008S1","Italy","Euro",":","z"
"2008S1","Cyprus","Euro",":","z"
"2008S1","Latvia","Euro","229.75",""
"2008S1","Lithuania","Euro","231.70",""
"2008S1","Luxembourg","Euro","1,570.28",""
"2008S1","Hungary","Euro","271.94",""
"2008S1","Malta","Euro","617.21",""
"2008S1","Netherlands","Euro","1,335.00",""
"2008S1","Austria","Euro",":","z"
"2008S1","Poland","Euro","313.34",""
"2008S1","Portugal","Euro","497.00",""
"2008S1","Romania","Euro","138.59",""
"2008S1","Slovenia","Euro","538.53",""
"2008S1","Slovakia","Euro","241.19",""
"2008S1","Finland","Euro",":","z"
"2008S1","Sweden","Euro",":","z"
"2008S1","United Kingdom","Euro","1,242.24",""
"2008S1","Iceland","Euro",":","z"
"2008S1","Norway","Euro",":","z"
"2008S1","Switzerland","Euro",":","z"
"2008S1","Montenegro","Euro",":",""
"2008S1","Former Yugoslav Republic of Macedonia, the","Euro",":","z"
"2008S1","Albania","Euro",":",""
"2008S1","Serbia","Euro",":",""
"2008S1","Turkey","Euro","354.34",""
"2008S1","United States","Euro","688.81",""
"2009S1","Belgium","Euro","1,387.50",""
"2009S1","Bulgaria","Euro","122.71",""
"2009S1","Czech Republic","Euro","297.67",""
"2009S1","Denmark","Euro",":","z"
"2009S1","Germany (until 1990 former territory of the FRG)","Euro",":","z"
"2009S1","Estonia","Euro","278.02",""
"2009S1","Ireland","Euro","1,461.85",""
"2009S1","Greece","Euro","817.83",""
"2009S1","Spain","Euro","728.00",""
"2009S1","France","Euro","1,321.02",""
"2009S1","Croatia","Euro","373.46",""
"2009S1","Italy","Euro",":","z"
"2009S1","Cyprus","Euro",":","z"
"2009S1","Latvia","Euro","254.13",""
"2009S1","Lithuania","Euro","231.70",""
"2009S1","Luxembourg","Euro","1,641.74",""
"2009S1","Hungary","Euro","268.09",""
"2009S1","Malta","Euro","634.88",""
"2009S1","Netherlands","Euro","1,381.20",""
"2009S1","Austria","Euro",":","z"
"2009S1","Poland","Euro","307.21",""
"2009S1","Portugal","Euro","525.00",""
"2009S1","Romania","Euro","149.16",""
"2009S1","Slovenia","Euro","589.19",""
"2009S1","Slovakia","Euro","295.50",""
"2009S1","Finland","Euro",":","z"
"2009S1","Sweden","Euro",":","z"
"2009S1","United Kingdom","Euro","995.28",""
"2009S1","Iceland","Euro",":","z"
"2009S1","Norway","Euro",":","z"
"2009S1","Switzerland","Euro",":","z"
"2009S1","Montenegro","Euro",":",""
"2009S1","Former Yugoslav Republic of Macedonia, the","Euro",":","z"
"2009S1","Albania","Euro",":",""
"2009S1","Serbia","Euro",":",""
"2009S1","Turkey","Euro","309.94",""
"2009S1","United States","Euro","815.79",""
"2010S1","Belgium","Euro","1,387.50",""
"2010S1","Bulgaria","Euro","122.71",""
"2010S1","Czech Republic","Euro","302.19",""
"2010S1","Denmark","Euro",":","z"
"2010S1","Germany (until 1990 former territory of the FRG)","Euro",":","z"
"2010S1","Estonia","Euro","278.02",""
"2010S1","Ireland","Euro","1,461.85",""
"2010S1","Greece","Euro","862.82",""
"2010S1","Spain","Euro","738.85",""
"2010S1","France","Euro","1,343.77",""
"2010S1","Croatia","Euro","385.48",""
"2010S1","Italy","Euro",":","z"
"2010S1","Cyprus","Euro",":","z"
"2010S1","Latvia","Euro","253.77",""
"2010S1","Lithuania","Euro","231.70",""
"2010S1","Luxembourg","Euro","1,682.76",""
"2010S1","Hungary","Euro","271.80",""
"2010S1","Malta","Euro","659.92",""
"2010S1","Netherlands","Euro","1,407.60",""
"2010S1","Austria","Euro",":","z"
"2010S1","Poland","Euro","320.87",""
"2010S1","Portugal","Euro","554.17",""
"2010S1","Romania","Euro","141.63",""
"2010S1","Slovenia","Euro","597.43",""
"2010S1","Slovakia","Euro","307.70",""
"2010S1","Finland","Euro",":","z"
"2010S1","Sweden","Euro",":","z"
"2010S1","United Kingdom","Euro","1,076.46",""
"2010S1","Iceland","Euro",":","z"
"2010S1","Norway","Euro",":","z"
"2010S1","Switzerland","Euro",":","z"
"2010S1","Montenegro","Euro",":",""
"2010S1","Former Yugoslav Republic of Macedonia, the","Euro",":","z"
"2010S1","Albania","Euro",":",""
"2010S1","Serbia","Euro",":",""
"2010S1","Turkey","Euro","338.33",""
"2010S1","United States","Euro","872.32",""
"2011S1","Belgium","Euro","1,415.24",""
"2011S1","Bulgaria","Euro","122.71",""
"2011S1","Czech Republic","Euro","319.22",""
"2011S1","Denmark","Euro",":","z"
"2011S1","Germany (until 1990 former territory of the FRG)","Euro",":","z"
"2011S1","Estonia","Euro","278.02",""
"2011S1","Ireland","Euro","1,461.85",""
"2011S1","Greece","Euro","862.82",""
"2011S1","Spain","Euro","748.30",""
"2011S1","France","Euro","1,365.00",""
"2011S1","Croatia","Euro","381.15",""
"2011S1","Italy","Euro",":","z"
"2011S1","Cyprus","Euro",":","z"
"2011S1","Latvia","Euro","281.93",""
"2011S1","Lithuania","Euro","231.70",""
"2011S1","Luxembourg","Euro","1,757.56",""
"2011S1","Hungary","Euro","280.63",""
"2011S1","Malta","Euro","664.95",""
"2011S1","Netherlands","Euro","1,424.40",""
"2011S1","Austria","Euro",":","z"
"2011S1","Poland","Euro","348.68",""
"2011S1","Portugal","Euro","565.83",""
"2011S1","Romania","Euro","157.20",""
"2011S1","Slovenia","Euro","748.10",""
"2011S1","Slovakia","Euro","317.00",""
"2011S1","Finland","Euro",":","z"
"2011S1","Sweden","Euro",":","z"
"2011S1","United Kingdom","Euro","1,136.22",""
"2011S1","Iceland","Euro",":","z"
"2011S1","Norway","Euro",":","z"
"2011S1","Switzerland","Euro",":","z"
"2011S1","Montenegro","Euro",":",""
"2011S1","Former Yugoslav Republic of Macedonia, the","Euro",":","z"
"2011S1","Albania","Euro",":",""
"2011S1","Serbia","Euro",":",""
"2011S1","Turkey","Euro","384.89",""
"2011S1","United States","Euro","940.48",""
"2012S1","Belgium","Euro","1,443.54",""
"2012S1","Bulgaria","Euro","138.05",""
"2012S1","Czech Republic","Euro","310.23",""
"2012S1","Denmark","Euro",":","z"
"2012S1","Germany (until 1990 former territory of the FRG)","Euro",":","z"
"2012S1","Estonia","Euro","290.00",""
"2012S1","Ireland","Euro","1,461.85",""
"2012S1","Greece","Euro","876.62",""
"2012S1","Spain","Euro","748.30",""
"2012S1","France","Euro","1,398.37",""
"2012S1","Croatia","Euro","373.36",""
"2012S1","Italy","Euro",":","z"
"2012S1","Cyprus","Euro",":","z"
"2012S1","Latvia","Euro","285.92",""
"2012S1","Lithuania","Euro","231.70",""
"2012S1","Luxembourg","Euro","1,801.49",""
"2012S1","Hungary","Euro","295.63",""
"2012S1","Malta","Euro","685.14",""
"2012S1","Netherlands","Euro","1,446.60",""
"2012S1","Austria","Euro",":","z"
"2012S1","Poland","Euro","336.47",""
"2012S1","Portugal","Euro","565.83",""
"2012S1","Romania","Euro","161.91",""
"2012S1","Slovenia","Euro","763.06",""
"2012S1","Slovakia","Euro","327.00",""
"2012S1","Finland","Euro",":","z"
"2012S1","Sweden","Euro",":","z"
"2012S1","United Kingdom","Euro","1,201.96",""
"2012S1","Iceland","Euro",":","z"
"2012S1","Norway","Euro",":","z"
"2012S1","Switzerland","Euro",":","z"
"2012S1","Montenegro","Euro",":",""
"2012S1","Former Yugoslav Republic of Macedonia, the","Euro",":",""
"2012S1","Albania","Euro",":",""
"2012S1","Serbia","Euro",":",""
"2012S1","Turkey","Euro","362.84",""
"2012S1","United States","Euro","971.22",""
"2013S1","Belgium","Euro","1,501.82",""
"2013S1","Bulgaria","Euro","158.50",""
"2013S1","Czech Republic","Euro","318.08",""
"2013S1","Denmark","Euro",":","z"
"2013S1","Germany (until 1990 former territory of the FRG)","Euro",":","z"
"2013S1","Estonia","Euro","320.00",""
"2013S1","Ireland","Euro","1,461.85",""
"2013S1","Greece","Euro","683.76",""
"2013S1","Spain","Euro","752.85",""
"2013S1","France","Euro","1,430.22",""
"2013S1","Croatia","Euro","372.35",""
"2013S1","Italy","Euro",":","z"
"2013S1","Cyprus","Euro",":","z"
"2013S1","Latvia","Euro","286.66",""
"2013S1","Lithuania","Euro","289.62",""
"2013S1","Luxembourg","Euro","1,874.19",""
"2013S1","Hungary","Euro","335.27",""
"2013S1","Malta","Euro","702.82",""
"2013S1","Netherlands","Euro","1,469.40",""
"2013S1","Austria","Euro",":","z"
"2013S1","Poland","Euro","392.73",""
"2013S1","Portugal","Euro","565.83",""
"2013S1","Romania","Euro","157.50",""
"2013S1","Slovenia","Euro","783.66",""
"2013S1","Slovakia","Euro","337.70",""
"2013S1","Finland","Euro",":","z"
"2013S1","Sweden","Euro",":","z"
"2013S1","United Kingdom","Euro","1,249.85",""
"2013S1","Iceland","Euro",":","z"
"2013S1","Norway","Euro",":","z"
"2013S1","Switzerland","Euro",":","z"
"2013S1","Montenegro","Euro",":",""
"2013S1","Former Yugoslav Republic of Macedonia, the","Euro","199.48",""
"2013S1","Albania","Euro",":",""
"2013S1","Serbia","Euro","239.24",""
"2013S1","Turkey","Euro","415.52",""
"2013S1","United States","Euro","952.46",""
"2014S1","Belgium","Euro","1,501.82",""
"2014S1","Bulgaria","Euro","173.84",""
"2014S1","Czech Republic","Euro","309.91",""
"2014S1","Denmark","Euro",":","z"
"2014S1","Germany (until 1990 former territory of the FRG)","Euro",":","z"
"2014S1","Estonia","Euro","355.00",""
"2014S1","Ireland","Euro","1,461.85",""
"2014S1","Greece","Euro","683.76",""
"2014S1","Spain","Euro","752.85",""
"2014S1","France","Euro","1,445.38",""
"2014S1","Croatia","Euro","395.67",""
"2014S1","Italy","Euro",":","z"
"2014S1","Cyprus","Euro",":","z"
"2014S1","Latvia","Euro","320.00",""
"2014S1","Lithuania","Euro","289.62",""
"2014S1","Luxembourg","Euro","1,921.03",""
"2014S1","Hungary","Euro","341.70",""
"2014S1","Malta","Euro","717.95",""
"2014S1","Netherlands","Euro","1,485.60",""
"2014S1","Austria","Euro",":","z"
"2014S1","Poland","Euro","404.40",""
"2014S1","Portugal","Euro","565.83",""
"2014S1","Romania","Euro","190.11",""
"2014S1","Slovenia","Euro","789.15",""
"2014S1","Slovakia","Euro","352.00",""
"2014S1","Finland","Euro",":","z"
"2014S1","Sweden","Euro",":","z"
"2014S1","United Kingdom","Euro","1,251.05",""
"2014S1","Iceland","Euro",":","z"
"2014S1","Norway","Euro",":","z"
"2014S1","Switzerland","Euro",":","z"
"2014S1","Montenegro","Euro","288.05",""
"2014S1","Former Yugoslav Republic of Macedonia, the","Euro","213.62",""
"2014S1","Albania","Euro","156.92",""
"2014S1","Serbia","Euro","235.31",""
"2014S1","Turkey","Euro","361.76",""
"2014S1","United States","Euro","911.22",""
"2015S1","Belgium","Euro","1,501.82",""
"2015S1","Bulgaria","Euro","184.07",""
"2015S1","Czech Republic","Euro","331.71",""
"2015S1","Denmark","Euro",":","z"
"2015S1","Germany (until 1990 former territory of the FRG)","Euro","1,440.00",""
"2015S1","Estonia","Euro","390.00",""
"2015S1","Ireland","Euro","1,461.85",""
"2015S1","Greece","Euro","683.76",""
"2015S1","Spain","Euro","756.70",""
"2015S1","France","Euro","1,457.52",""
"2015S1","Croatia","Euro","395.61",""
"2015S1","Italy","Euro",":","z"
"2015S1","Cyprus","Euro",":","z"
"2015S1","Latvia","Euro","360.00",""
"2015S1","Lithuania","Euro","300.00",""
"2015S1","Luxembourg","Euro","1,922.96",""
"2015S1","Hungary","Euro","332.76",""
"2015S1","Malta","Euro","720.46",""
"2015S1","Netherlands","Euro","1,501.80",""
"2015S1","Austria","Euro",":","z"
"2015S1","Poland","Euro","409.53",""
"2015S1","Portugal","Euro","589.17",""
"2015S1","Romania","Euro","217.50",""
"2015S1","Slovenia","Euro","790.73",""
"2015S1","Slovakia","Euro","380.00",""
"2015S1","Finland","Euro",":","z"
"2015S1","Sweden","Euro",":","z"
"2015S1","United Kingdom","Euro","1,378.87",""
"2015S1","Iceland","Euro",":","z"
"2015S1","Norway","Euro",":","z"
"2015S1","Switzerland","Euro",":","z"
"2015S1","Montenegro","Euro","288.05",""
"2015S1","Former Yugoslav Republic of Macedonia, the","Euro","213.72",""
"2015S1","Albania","Euro","156.99",""
"2015S1","Serbia","Euro","235.05",""
"2015S1","Turkey","Euro","424.26",""
"2015S1","United States","Euro","1,035.06",""
"2016S1","Belgium","Euro","1,501.82",""
"2016S1","Bulgaria","Euro","214.75",""
"2016S1","Czech Republic","Euro","366.35",""
"2016S1","Denmark","Euro",":","z"
"2016S1","Germany (until 1990 former territory of the FRG)","Euro","1,440.00",""
"2016S1","Estonia","Euro","430.00",""
"2016S1","Ireland","Euro","1,546.35",""
"2016S1","Greece","Euro","683.76",""
"2016S1","Spain","Euro","764.40",""
"2016S1","France","Euro","1,466.62",""
"2016S1","Croatia","Euro","408.48",""
"2016S1","Italy","Euro",":","z"
"2016S1","Cyprus","Euro",":","z"
"2016S1","Latvia","Euro","370.00",""
"2016S1","Lithuania","Euro","350.00",""
"2016S1","Luxembourg","Euro","1,922.96",""
"2016S1","Hungary","Euro","351.29",""
"2016S1","Malta","Euro","728.04",""
"2016S1","Netherlands","Euro","1,524.60",""
"2016S1","Austria","Euro",":","z"
"2016S1","Poland","Euro","433.88",""
"2016S1","Portugal","Euro","618.33",""
"2016S1","Romania","Euro","232.10",""
"2016S1","Slovenia","Euro","790.73",""
"2016S1","Slovakia","Euro","405.00",""
"2016S1","Finland","Euro",":","z"
"2016S1","Sweden","Euro",":","z"
"2016S1","United Kingdom","Euro","1,512.36",""
"2016S1","Iceland","Euro",":","z"
"2016S1","Norway","Euro",":","z"
"2016S1","Switzerland","Euro",":","z"
"2016S1","Montenegro","Euro","288.05",""
"2016S1","Former Yugoslav Republic of Macedonia, the","Euro","227.06",""
"2016S1","Albania","Euro","160.26",""
"2016S1","Serbia","Euro","233.53",""
"2016S1","Turkey","Euro","518.50",""
"2016S1","United States","Euro","1,154.28",""
"2017S1","Belgium","Euro","1,531.93",""
"2017S1","Bulgaria","Euro","235.20",""
"2017S1","Czech Republic","Euro","407.09",""
"2017S1","Denmark","Euro",":","z"
"2017S1","Germany (until 1990 former territory of the FRG)","Euro","1,498.00",""
"2017S1","Estonia","Euro","470.00",""
"2017S1","Ireland","Euro","1,563.25",""
"2017S1","Greece","Euro","683.76",""
"2017S1","Spain","Euro","825.65",""
"2017S1","France","Euro","1,480.27",""
"2017S1","Croatia","Euro","433.35",""
"2017S1","Italy","Euro",":","z"
"2017S1","Cyprus","Euro",":","z"
"2017S1","Latvia","Euro","380.00",""
"2017S1","Lithuania","Euro","380.00",""
"2017S1","Luxembourg","Euro","1,998.59",""
"2017S1","Hungary","Euro","411.52",""
"2017S1","Malta","Euro","735.63",""
"2017S1","Netherlands","Euro","1,551.60",""
"2017S1","Austria","Euro",":","z"
"2017S1","Poland","Euro","453.48",""
"2017S1","Portugal","Euro","649.83",""
"2017S1","Romania","Euro","275.39",""
"2017S1","Slovenia","Euro","804.96",""
"2017S1","Slovakia","Euro","435.00",""
"2017S1","Finland","Euro",":","z"
"2017S1","Sweden","Euro",":","z"
"2017S1","United Kingdom","Euro","1,396.90",""
"2017S1","Iceland","Euro",":","z"
"2017S1","Norway","Euro",":","z"
"2017S1","Switzerland","Euro",":","z"
"2017S1","Montenegro","Euro","288.05",""
"2017S1","Former Yugoslav Republic of Macedonia, the","Euro","239.74",""
"2017S1","Albania","Euro","162.69",""
"2017S1","Serbia","Euro","247.93",""
"2017S1","Turkey","Euro","479.47",""
"2017S1","United States","Euro","1,192.17",""
